,Driver_id,Order_id,Step,Point,Grid,Reposition_Point,Reposition_Grid
0,D0,Idle,2520,"[40.819426235372546, -73.9584474749269]",892a1008c13ffff,"[40.819426235372546, -73.9584474749269]",892a1008c13ffff
1,D1,Idle,2520,"[40.755206123242296, -73.98593486620216]",892a100d66bffff,"[40.755206123242296, -73.98593486620216]",892a100d66bffff
2,D2,Idle,2520,"[40.73138093237354, -73.98714068654695]",892a100d22fffff,"[40.73138093237354, -73.98714068654695]",892a100d22fffff
3,D3,Idle,2520,"[40.779728795481155, -73.95905625713573]",892a1008903ffff,"[40.779728795481155, -73.95905625713573]",892a1008903ffff
4,D4,Idle,2520,"[40.83292993268151, -73.94824960396497]",892a100aa0fffff,"[40.83292993268151, -73.94824960396497]",892a100aa0fffff
5,D5,Idle,2520,"[40.73889685083575, -74.0024136834934]",892a10721b7ffff,"[40.73889685083575, -74.0024136834934]",892a10721b7ffff
6,D6,Idle,2520,"[40.7793843009544, -73.97189206979928]",892a100894fffff,"[40.7793843009544, -73.97189206979928]",892a100894fffff
7,D7,Idle,2520,"[40.74734064563419, -73.98348648660567]",892a100d28bffff,"[40.74734064563419, -73.98348648660567]",892a100d28bffff
8,D8,Idle,2520,"[40.827870587472496, -73.93948051582804]",892a100aa37ffff,"[40.827870587472496, -73.93948051582804]",892a100aa37ffff
9,D9,Idle,2520,"[40.8172968555567, -73.93907632837534]",892a100ab47ffff,"[40.8172968555567, -73.93907632837534]",892a100ab47ffff
10,D10,Idle,2520,"[40.76800768439543, -74.00142424603229]",892a10725d7ffff,"[40.76800768439543, -74.00142424603229]",892a10725d7ffff
11,D11,Idle,2520,"[40.80098229926873, -73.95559263423436]",892a1008d43ffff,"[40.80098229926873, -73.95559263423436]",892a1008d43ffff
12,D12,Idle,2520,"[40.875697146923315, -73.93272693318589]",892a100a14bffff,"[40.875697146923315, -73.93272693318589]",892a100a14bffff
13,D13,Idle,2520,"[40.772203202614044, -73.94377744112391]",892a100d4d3ffff,"[40.772203202614044, -73.94377744112391]",892a100d4d3ffff
14,D14,Idle,2520,"[40.801096680764914, -73.95131208247851]",892a1008d57ffff,"[40.801096680764914, -73.95131208247851]",892a1008d57ffff
15,D15,Idle,2520,"[40.8148242255889, -73.93255263297931]",892a100ab0fffff,"[40.8148242255889, -73.93255263297931]",892a100ab0fffff
16,D16,Idle,2520,"[40.83338538609463, -73.93111572662959]",892a100aab7ffff,"[40.83338538609463, -73.93111572662959]",892a100aab7ffff
17,D17,Idle,2520,"[40.77691475336127, -73.96537174602872]",892a1008973ffff,"[40.77691475336127, -73.96537174602872]",892a1008973ffff
18,D18,Idle,2520,"[40.7666914709113, -73.95212993210816]",892a100d453ffff,"[40.7666914709113, -73.95212993210816]",892a100d453ffff
19,D19,Idle,2520,"[40.74136307995402, -74.00893086382774]",892a10721bbffff,"[40.74136307995402, -74.00893086382774]",892a10721bbffff
20,D20,Idle,2520,"[40.760257210522454, -73.99469570642187]",892a10725bbffff,"[40.760257210522454, -73.99469570642187]",892a10725bbffff
21,D21,Idle,2520,"[40.78713793358878, -73.9786194658061]",892a1008b93ffff,"[40.78713793358878, -73.9786194658061]",892a1008b93ffff
22,D22,Idle,2520,"[40.78501301262149, -73.95926041870996]",892a10089c7ffff,"[40.78501301262149, -73.95926041870996]",892a10089c7ffff
23,D23,Idle,2520,"[40.81425422214392, -73.95396150094159]",892a1008cabffff,"[40.81425422214392, -73.95396150094159]",892a1008cabffff
24,D24,Idle,2520,"[40.766462471951954, -73.96068475853083]",892a100d697ffff,"[40.766462471951954, -73.96068475853083]",892a100d697ffff
25,D25,Idle,2520,"[40.70158676007537, -74.01376760272268]",892a1072807ffff,"[40.70158676007537, -74.01376760272268]",892a1072807ffff
26,D26,Idle,2520,"[40.78231354197672, -73.9612977588396]",892a100891bffff,"[40.78231354197672, -73.9612977588396]",892a100891bffff
27,D27,Idle,2520,"[40.71742498749753, -74.01439768269891]",892a1072c6bffff,"[40.71742498749753, -74.01439768269891]",892a1072c6bffff
28,D28,Idle,2520,"[40.766232840412854, -73.96923955883975]",892a100d68bffff,"[40.766232840412854, -73.96923955883975]",892a100d68bffff
29,D29,Idle,2520,"[40.744987995699226, -73.97269448397236]",892a100d04bffff,"[40.744987995699226, -73.97269448397236]",892a100d04bffff
30,D30,Idle,2520,"[40.71261054956162, -73.99709751749248]",892a1072c27ffff,"[40.71261054956162, -73.99709751749248]",892a1072c27ffff
31,D31,Idle,2520,"[40.72610025540043, -73.98693361902893]",892a100d34bffff,"[40.72610025540043, -73.98693361902893]",892a100d34bffff
32,D32,Idle,2520,"[40.77737280100293, -73.94825824039015]",892a10089a3ffff,"[40.77737280100293, -73.94825824039015]",892a10089a3ffff
33,D33,Idle,2520,"[40.81436853984996, -73.94967974009116]",892a1008ca3ffff,"[40.81436853984996, -73.94967974009116]",892a1008ca3ffff
34,D34,Idle,2520,"[40.76260834400105, -74.00549250588087]",892a107251bffff,"[40.76260834400105, -74.00549250588087]",892a107251bffff
35,D35,Idle,2520,"[40.84373380135633, -73.94008713892036]",892a100aa9bffff,"[40.84373380135633, -73.94008713892036]",892a100aa9bffff
36,D36,Idle,2520,"[40.772203202614044, -73.94377744112391]",892a100d4d3ffff,"[40.772203202614044, -73.94377744112391]",892a100d4d3ffff
37,D37,Idle,2520,"[40.78478349529045, -73.9678185973902]",892a1008953ffff,"[40.78478349529045, -73.9678185973902]",892a1008953ffff
38,D38,Idle,2520,"[40.723402211636376, -73.98896685935952]",892a1072cb3ffff,"[40.723402211636376, -73.98896685935952]",892a1072cb3ffff
39,D39,Idle,2520,"[40.78713793358878, -73.9786194658061]",892a1008b93ffff,"[40.78713793358878, -73.9786194658061]",892a1008b93ffff
40,D40,Idle,2520,"[40.812237874300905, -73.93031121299184]",892a100ab3bffff,"[40.812237874300905, -73.93031121299184]",892a100ab3bffff
41,D41,Idle,2520,"[40.71800627795991, -73.99303264899584]",892a1072cafffff,"[40.71800627795991, -73.99303264899584]",892a1072cafffff
42,D42,Idle,2520,"[40.746761146867904, -74.00486482878279]",892a1072197ffff,"[40.746761146867904, -74.00486482878279]",892a1072197ffff
43,D43,Idle,2520,"[40.739012977644215, -73.9981387469125]",892a100d27bffff,"[40.739012977644215, -73.9981387469125]",892a100d27bffff
44,D44,Idle,2520,"[40.72891383254777, -73.98062614592236]",892a100d353ffff,"[40.72891383254777, -73.98062614592236]",892a100d353ffff
45,D45,Idle,2520,"[40.779957667274374, -73.95049901604402]",892a10089bbffff,"[40.779957667274374, -73.95049901604402]",892a10089bbffff
46,D46,Idle,2520,"[40.72856691258621, -73.9934481326791]",892a1072c83ffff,"[40.72856691258621, -73.9934481326791]",892a1072c83ffff
47,D47,Idle,2520,"[40.8704069571125, -73.93252537326325]",892a100a3b7ffff,"[40.8704069571125, -73.93252537326325]",892a100a3b7ffff
48,D48,Idle,2520,"[40.71789033541888, -73.99730566967641]",892a1072c33ffff,"[40.71789033541888, -73.99730566967641]",892a1072c33ffff
49,D49,Idle,2520,"[40.84103275837162, -73.9421281026748]",892a100aa8bffff,"[40.84103275837162, -73.9421281026748]",892a100aa8bffff
50,D50,Idle,2520,"[40.8169546065634, -73.95192236348562]",892a1008cbbffff,"[40.8169546065634, -73.95192236348562]",892a1008cbbffff
51,D51,Idle,2520,"[40.77128589159464, -73.97800054624952]",892a100d6dbffff,"[40.77128589159464, -73.97800054624952]",892a100d6dbffff
52,D52,Idle,2520,"[40.74217433224769, -73.97900455236277]",892a100d2bbffff,"[40.74217433224769, -73.97900455236277]",892a100d2bbffff
53,D53,Idle,2520,"[40.771745812583134, -73.96088904594423]",892a100892bffff,"[40.771745812583134, -73.96088904594423]",892a100892bffff
54,D54,Idle,2520,"[40.75485863150439, -73.99876404720786]",892a1072533ffff,"[40.75485863150439, -73.99876404720786]",892a1072533ffff
55,D55,Idle,2520,"[40.76260834400105, -74.00549250588087]",892a107251bffff,"[40.76260834400105, -74.00549250588087]",892a107251bffff
56,D56,Idle,2520,"[40.85757953928717, -73.91702183870262]",892a100ac4bffff,"[40.85757953928717, -73.91702183870262]",892a100ac4bffff
57,D57,Idle,2520,"[40.816610930826734, -73.96476834059466]",892a1008c0bffff,"[40.816610930826734, -73.96476834059466]",892a1008c0bffff
58,D58,Idle,2520,"[40.77340722931204, -73.99735506320563]",892a1008b63ffff,"[40.77340722931204, -73.99735506320563]",892a1008b63ffff
59,D59,Idle,2520,"[40.70147004899096, -74.01803914737917]",892a107280fffff,"[40.70147004899096, -74.01803914737917]",892a107280fffff
60,D60,Idle,2520,"[40.873108784045534, -73.9304825934673]",892a100a14fffff,"[40.873108784045534, -73.9304825934673]",892a100a14fffff
61,D61,Idle,2520,"[40.80953804846207, -73.93235135402595]",892a100ab2bffff,"[40.80953804846207, -73.93235135402595]",892a100ab2bffff
62,D62,Idle,2520,"[40.7612940530909, -73.95620358859543]",892a100d44fffff,"[40.7612940530909, -73.95620358859543]",892a100d44fffff
63,D63,Idle,2520,"[40.77748691734638, -73.94397984787912]",892a10089b7ffff,"[40.77748691734638, -73.94397984787912]",892a10089b7ffff
64,D64,Idle,2520,"[40.746877362614235, -74.00058917418734]",892a100d25bffff,"[40.746877362614235, -74.00058917418734]",892a100d25bffff
65,D65,Idle,2520,"[40.7231704712109, -73.99751386869457]",892a1072c17ffff,"[40.7231704712109, -73.99751386869457]",892a1072c17ffff
66,D66,Idle,2520,"[40.81189659456598, -73.94315583855997]",892a100ab6bffff,"[40.81189659456598, -73.94315583855997]",892a100ab6bffff
67,D67,Idle,2520,"[40.76364877303933, -73.96699837367477]",892a100d68fffff,"[40.76364877303933, -73.96699837367477]",892a100d68fffff
68,D68,Idle,2520,"[40.84879415612575, -73.94885926211315]",892a10085a7ffff,"[40.84879415612575, -73.94885926211315]",892a10085a7ffff
69,D69,Idle,2520,"[40.8514955796398, -73.94681833744528]",892a10085b7ffff,"[40.8514955796398, -73.94681833744528]",892a10085b7ffff
70,D70,Idle,2520,"[40.8514955796398, -73.94681833744528]",892a10085b7ffff,"[40.8514955796398, -73.94681833744528]",892a10085b7ffff
71,D71,Idle,2520,"[40.86523061813976, -73.92803747456439]",892a100a16fffff,"[40.86523061813976, -73.92803747456439]",892a100a16fffff
72,D72,Idle,2520,"[40.71026032383654, -73.98631269593956]",892a1072dc7ffff,"[40.71026032383654, -73.98631269593956]",892a1072dc7ffff
73,D73,Idle,2520,"[40.8493631667758, -73.92743465416693]",892a100ae33ffff,"[40.8493631667758, -73.92743465416693]",892a100ae33ffff
74,D74,Idle,2520,"[40.80592380561721, -73.9686395606129]",892a100889bffff,"[40.80592380561721, -73.9686395606129]",892a100889bffff
75,D75,Idle,2520,"[40.72012330652552, -74.0123661217817]",892a1072c7bffff,"[40.72012330652552, -74.0123661217817]",892a1072c7bffff
76,D76,Idle,2520,"[40.758365966029196, -73.9667934331769]",892a100d6abffff,"[40.758365966029196, -73.9667934331769]",892a100d6abffff
77,D77,Idle,2520,"[40.77748691734638, -73.94397984787912]",892a10089b7ffff,"[40.77748691734638, -73.94397984787912]",892a10089b7ffff
78,D78,Idle,2520,"[40.86534396170861, -73.92375108410893]",892a100a167ffff,"[40.86534396170861, -73.92375108410893]",892a100a167ffff
79,D79,Idle,2520,"[40.78196880060778, -73.974134284294]",892a100894bffff,"[40.78196880060778, -73.974134284294]",892a100894bffff
80,D80,Idle,2520,"[40.768123768590556, -73.99714665926001]",892a107259bffff,"[40.768123768590556, -73.99714665926001]",892a107259bffff
81,D81,Idle,2520,"[40.851837233272256, -73.933962857204]",892a100ae0fffff,"[40.851837233272256, -73.933962857204]",892a100ae0fffff
82,D82,Idle,2520,"[40.72093547961792, -73.98245332005494]",892a100d37bffff,"[40.72093547961792, -73.98245332005494]",892a100d37bffff
83,D83,Idle,2520,"[40.75767380832864, -73.99245336126558]",892a10725a3ffff,"[40.75767380832864, -73.99245336126558]",892a10725a3ffff
84,D84,Idle,2520,"[40.769504442456295, -73.94581509065677]",892a100d4c3ffff,"[40.769504442456295, -73.94581509065677]",892a100d4c3ffff
85,D85,Idle,2520,"[40.83034326953093, -73.94600642596188]",892a100aa3bffff,"[40.83034326953093, -73.94600642596188]",892a100aa3bffff
86,D86,Idle,2520,"[40.87074700558053, -73.91966475115501]",892a100a10fffff,"[40.87074700558053, -73.91966475115501]",892a100a10fffff
87,D87,Idle,2520,"[40.7150761940742, -74.0036107454112]",892a1072c2bffff,"[40.7150761940742, -74.0036107454112]",892a1072c2bffff
88,D88,Idle,2520,"[40.81471054191893, -73.93683441921814]",892a100ab73ffff,"[40.81471054191893, -73.93683441921814]",892a100ab73ffff
89,D89,Idle,2520,"[40.84902223669725, -73.9402894378564]",892a100ae63ffff,"[40.84902223669725, -73.9402894378564]",892a100ae63ffff
90,D90,Idle,2520,"[40.72270509656897, -74.01460780386842]",892a1072c4fffff,"[40.72270509656897, -74.01460780386842]",892a1072c4fffff
91,D91,Idle,2520,"[40.80040801571665, -73.97699529484052]",892a100881bffff,"[40.80040801571665, -73.97699529484052]",892a100881bffff
92,D92,Idle,2520,"[40.7150761940742, -74.0036107454112]",892a1072c2bffff,"[40.7150761940742, -74.0036107454112]",892a1072c2bffff
93,D93,Idle,2520,"[40.84080453737683, -73.95069647120248]",892a100aacfffff,"[40.84080453737683, -73.95069647120248]",892a100aacfffff
94,D94,Idle,2520,"[40.82011075167696, -73.93275395731449]",892a100ab1bffff,"[40.82011075167696, -73.93275395731449]",892a100ab1bffff
95,D95,Idle,2520,"[40.71789033541888, -73.99730566967641]",892a1072c33ffff,"[40.71789033541888, -73.99730566967641]",892a1072c33ffff
96,D96,Idle,2520,"[40.81965504166682, -73.94988299461866]",892a1008c87ffff,"[40.81965504166682, -73.94988299461866]",892a1008c87ffff
97,D97,Idle,2520,"[40.8355166402944, -73.95049303325445]",892a100aa0bffff,"[40.8355166402944, -73.95049303325445]",892a100aa0bffff
98,D98,Idle,2520,"[40.80075306105911, -73.96415371825476]",892a1008887ffff,"[40.80075306105911, -73.96415371825476]",892a1008887ffff
99,D99,Idle,2520,"[40.81741062149578, -73.9347943040059]",892a100ab0bffff,"[40.81741062149578, -73.9347943040059]",892a100ab0bffff
100,D100,Idle,2520,"[40.75744182446506, -74.00100661609572]",892a1072507ffff,"[40.75744182446506, -74.00100661609572]",892a1072507ffff
101,D101,Idle,2520,"[40.73631429928532, -74.00017192018016]",892a100d26bffff,"[40.73631429928532, -74.00017192018016]",892a100d26bffff
102,D102,Idle,2520,"[40.83000026089066, -73.95885605229294]",892a100aa6bffff,"[40.83000026089066, -73.95885605229294]",892a100aa6bffff
103,D103,Idle,2520,"[40.7439456383951, -74.01117336507996]",892a107218fffff,"[40.7439456383951, -74.01117336507996]",892a107218fffff
104,D104,Idle,2520,"[40.7093303390104, -74.02049098438877]",892a10728cfffff,"[40.7093303390104, -74.02049098438877]",892a10728cfffff
105,D105,Idle,2520,"[40.713188651981035, -73.9757347480519]",892a1072d93ffff,"[40.713188651981035, -73.9757347480519]",892a1072d93ffff
106,D106,Idle,2520,"[40.72833484332246, -74.00199608951623]",892a1072cc7ffff,"[40.72833484332246, -74.00199608951623]",892a1072cc7ffff
107,D107,Idle,2520,"[40.71765797700752, -74.00585169022263]",892a1072c77ffff,"[40.71765797700752, -74.00585169022263]",892a1072c77ffff
108,D108,Idle,2520,"[40.704517342235036, -74.00319309369571]",892a10728b3ffff,"[40.704517342235036, -74.00319309369571]",892a10728b3ffff
109,D109,Idle,2520,"[40.733963559055745, -73.98938147511579]",892a100d22bffff,"[40.733963559055745, -73.98938147511579]",892a100d22bffff
110,D110,Idle,2520,"[40.79006804912876, -73.96802376882803]",892a1008837ffff,"[40.79006804912876, -73.96802376882803]",892a1008837ffff
111,D111,Idle,2520,"[40.74464196506796, -73.98552083929478]",892a100d213ffff,"[40.74464196506796, -73.98552083929478]",892a100d213ffff
112,D112,Idle,2520,"[40.72081992828315, -73.98672659809884]",892a1072cb7ffff,"[40.72081992828315, -73.98672659809884]",892a1072cb7ffff
113,D113,Idle,2520,"[40.77340722931204, -73.99735506320563]",892a1008b63ffff,"[40.77340722931204, -73.99735506320563]",892a1008b63ffff
114,D114,Idle,2520,"[40.782198786450444, -73.96557660726104]",892a1008957ffff,"[40.782198786450444, -73.96557660726104]",892a1008957ffff
115,D115,Idle,2520,"[40.73700819773943, -73.97452361980324]",892a100d2a7ffff,"[40.73700819773943, -73.97452361980324]",892a100d2a7ffff
116,D116,Idle,2520,"[40.78196880060778, -73.974134284294]",892a100894bffff,"[40.78196880060778, -73.974134284294]",892a100894bffff
117,D117,Idle,2520,"[40.865570172162585, -73.9151782848187]",892a100a123ffff,"[40.865570172162585, -73.9151782848187]",892a100a123ffff
118,D118,Idle,2520,"[40.75555219244934, -73.97310562393588]",892a100d63bffff,"[40.75555219244934, -73.97310562393588]",892a100d63bffff
119,D119,Idle,2520,"[40.72914432322065, -73.97207812097184]",892a100d3c7ffff,"[40.72914432322065, -73.97207812097184]",892a100d3c7ffff
120,D120,Idle,2520,"[40.76387824016055, -73.95844404827176]",892a100d44bffff,"[40.76387824016055, -73.95844404827176]",892a100d44bffff
121,D121,Idle,2520,"[40.738780566092146, -74.00668861308876]",892a10721a3ffff,"[40.738780566092146, -74.00668861308876]",892a10721a3ffff
122,D122,Idle,2520,"[40.83338538609463, -73.93111572662959]",892a100aab7ffff,"[40.83338538609463, -73.93111572662959]",892a100aab7ffff
123,D123,Idle,2520,"[40.7660025763021, -73.9777943326536]",892a100d6cfffff,"[40.7660025763021, -73.9777943326536]",892a100d6cfffff
124,D124,Idle,2520,"[40.76117948077168, -73.96048051711963]",892a100d6b3ffff,"[40.76117948077168, -73.96048051711963]",892a100d6b3ffff
125,D125,Idle,2520,"[40.747686448906315, -73.97065939959245]",892a100d05bffff,"[40.747686448906315, -73.97065939959245]",892a100d05bffff
126,D126,Idle,2520,"[40.87367435413403, -73.9090469682317]",892a100a1bbffff,"[40.87367435413403, -73.9090469682317]",892a100a1bbffff
127,D127,Idle,2520,"[40.71777423510107, -74.00157868343452]",892a1072c3bffff,"[40.71777423510107, -74.00157868343452]",892a1072c3bffff
128,D128,Idle,2520,"[40.75813587911899, -73.97534676942504]",892a100d60fffff,"[40.75813587911899, -73.97534676942504]",892a100d60fffff
129,D129,Idle,2520,"[40.857466442848526, -73.92130751315497]",892a100ae87ffff,"[40.857466442848526, -73.92130751315497]",892a100ae87ffff
130,D130,Idle,2520,"[40.782656858963165, -73.94846117452803]",892a1008987ffff,"[40.782656858963165, -73.94846117452803]",892a1008987ffff
131,D131,Idle,2520,"[40.79029757901949, -73.95946462628658]",892a10089d3ffff,"[40.79029757901949, -73.95946462628658]",892a10089d3ffff
132,D132,Idle,2520,"[40.81718293108763, -73.94335834644366]",892a100ab4fffff,"[40.81718293108763, -73.94335834644366]",892a100ab4fffff
133,D133,Idle,2520,"[40.77892275953247, -73.98900639326243]",892a1008b03ffff,"[40.77892275953247, -73.98900639326243]",892a1008b03ffff
134,D134,Idle,2520,"[40.82752830182391, -73.95232944685671]",892a100aa67ffff,"[40.82752830182391, -73.95232944685671]",892a100aa67ffff
135,D135,Idle,2520,"[40.77926915295969, -73.97617066076994]",892a1008bb3ffff,"[40.77926915295969, -73.97617066076994]",892a1008bb3ffff
136,D136,Idle,2520,"[40.76881695244567, -73.97148099464923]",892a100d6d7ffff,"[40.76881695244567, -73.97148099464923]",892a100d6d7ffff
137,D137,Idle,2520,"[40.75026991926802, -73.97290003081406]",892a100d62fffff,"[40.75026991926802, -73.97290003081406]",892a100d62fffff
138,D138,Idle,2520,"[40.76410707477984, -73.94988969685778]",892a100d457ffff,"[40.76410707477984, -73.94988969685778]",892a100d457ffff
139,D139,Idle,2520,"[40.75744182446506, -74.00100661609572]",892a1072507ffff,"[40.75744182446506, -74.00100661609572]",892a1072507ffff
140,D140,Idle,2520,"[40.830457288488525, -73.9417232043568]",892a100aa33ffff,"[40.830457288488525, -73.9417232043568]",892a100aa33ffff
141,D141,Idle,2520,"[40.85442482880285, -73.93620637754151]",892a100ae0bffff,"[40.85442482880285, -73.93620637754151]",892a100ae0bffff
142,D142,Idle,2520,"[40.85971396731978, -73.93640828441532]",892a100aecfffff,"[40.85971396731978, -73.93640828441532]",892a100aecfffff
143,D143,Idle,2520,"[40.85994111917727, -73.92783648908794]",892a100ae8bffff,"[40.85994111917727, -73.92783648908794]",892a100ae8bffff
144,D144,Idle,2520,"[40.71261054956162, -73.99709751749248]",892a1072c27ffff,"[40.71261054956162, -73.99709751749248]",892a1072c27ffff
145,D145,Idle,2520,"[40.75732559541985, -74.00528323307157]",892a107250fffff,"[40.75732559541985, -74.00528323307157]",892a107250fffff
146,D146,Idle,2520,"[40.77140110911551, -73.97372268113838]",892a100d6d3ffff,"[40.77140110911551, -73.97372268113838]",892a100d6d3ffff
147,D147,Idle,2520,"[40.75227548311169, -73.9965217289429]",892a1072537ffff,"[40.75227548311169, -73.9965217289429]",892a1072537ffff
148,D148,Idle,2520,"[40.74734064563419, -73.98348648660567]",892a100d28bffff,"[40.74734064563419, -73.98348648660567]",892a100d28bffff
149,D149,Idle,2520,"[40.74240469698552, -73.97045411641287]",892a100d04fffff,"[40.74240469698552, -73.97045411641287]",892a100d04fffff
150,D150,Idle,2520,"[40.86545714638321, -73.91946468751105]",892a100a12bffff,"[40.86545714638321, -73.91946468751105]",892a100a12bffff
151,D151,Idle,2521,"[40.79793804844386, -73.97047175574073]",892a1008817ffff,"[40.79793804844386, -73.97047175574073]",892a1008817ffff
152,D152,Idle,2522,"[40.74934395912162, -74.00710735714024]",892a1072193ffff,"[40.74934395912162, -74.00710735714024]",892a1072193ffff
153,D153,Idle,2523,"[40.79569702829913, -73.95538881675961]",892a1008d7bffff,"[40.79569702829913, -73.95538881675961]",892a1008d7bffff
154,D154,Idle,2524,"[40.70979659314706, -74.00340189606727]",892a1072897ffff,"[40.70979659314706, -74.00340189606727]",892a1072897ffff
155,D155,Idle,2525,"[40.76881695244567, -73.97148099464923]",892a100d6d7ffff,"[40.76881695244567, -73.97148099464923]",892a100d6d7ffff
156,D156,Idle,2526,"[40.7577895631449, -73.98817672350651]",892a10725b7ffff,"[40.7577895631449, -73.98817672350651]",892a10725b7ffff
157,D157,Idle,2527,"[40.71765797700752, -74.00585169022263]",892a1072c77ffff,"[40.71765797700752, -74.00585169022263]",892a1072c77ffff
158,D158,Idle,2528,"[40.8035678139628, -73.95783495420781]",892a1008d5bffff,"[40.8035678139628, -73.95783495420781]",892a1008d5bffff
159,D159,Idle,2529,"[40.79569702829913, -73.95538881675961]",892a1008d7bffff,"[40.79569702829913, -73.95538881675961]",892a1008d7bffff
160,D160,Idle,2530,"[40.84350573297593, -73.94865599688833]",892a100aac3ffff,"[40.84350573297593, -73.94865599688833]",892a100aac3ffff
161,D161,Idle,2531,"[40.87074700558053, -73.91966475115501]",892a100a10fffff,"[40.87074700558053, -73.91966475115501]",892a100a10fffff
162,D162,Idle,2532,"[40.72363332078697, -73.98041982269943]",892a100d347ffff,"[40.72363332078697, -73.98041982269943]",892a100d347ffff
163,D163,Idle,2533,"[40.74429451262382, -73.99834713342568]",892a100d243ffff,"[40.74429451262382, -73.99834713342568]",892a100d243ffff
164,D164,Idle,2534,"[40.7854701478532, -73.94214398351879]",892a100f25bffff,"[40.7854701478532, -73.94214398351879]",892a100f25bffff
165,D165,Idle,2535,"[40.70709878183496, -74.00543351115385]",892a1072887ffff,"[40.70709878183496, -74.00543351115385]",892a1072887ffff
166,D166,Idle,2536,"[40.7041679083504, -74.01600847979246]",892a1072803ffff,"[40.7041679083504, -74.01600847979246]",892a1072803ffff
167,D167,Idle,2537,"[40.865117115677634, -73.93232385882943]",892a100aed3ffff,"[40.865117115677634, -73.93232385882943]",892a100aed3ffff
168,D168,Idle,2538,"[40.80683827325244, -73.93439126364949]",892a1008d93ffff,"[40.80683827325244, -73.93439126364949]",892a1008d93ffff
169,D169,Idle,2539,"[40.789953046698194, -73.97230333019724]",892a1008823ffff,"[40.789953046698194, -73.97230333019724]",892a1008823ffff
170,D170,Idle,2540,"[40.86781876542989, -73.93028129811428]",892a100a16bffff,"[40.86781876542989, -73.93028129811428]",892a100a16bffff
171,D171,Idle,2541,"[40.75813587911899, -73.97534676942504]",892a100d60fffff,"[40.75813587911899, -73.97534676942504]",892a100d60fffff
172,D172,Idle,2542,"[40.80098229926873, -73.95559263423436]",892a1008d43ffff,"[40.80098229926873, -73.95559263423436]",892a1008d43ffff
173,D173,Idle,2543,"[40.79770770779406, -73.9790323113081]",892a100880bffff,"[40.79770770779406, -73.9790323113081]",892a100880bffff
174,D174,Idle,2544,"[40.76858652379911, -73.9800362432926]",892a100d6cbffff,"[40.76858652379911, -73.9800362432926]",892a100d6cbffff
175,D175,Idle,2545,"[40.70158676007537, -74.01376760272268]",892a1072807ffff,"[40.70158676007537, -74.01376760272268]",892a1072807ffff
176,D176,Idle,2546,"[40.73947590550562, -73.98103893168508]",892a100d2abffff,"[40.73947590550562, -73.98103893168508]",892a100d2abffff
177,D177,Idle,2547,"[40.70663222578488, -74.0225216247115]",892a1072857ffff,"[40.70663222578488, -74.0225216247115]",892a1072857ffff
178,D178,Idle,2548,"[40.7184684703352, -73.97594049799939]",892a100d377ffff,"[40.7184684703352, -73.97594049799939]",892a100d377ffff
179,D179,Idle,2549,"[40.75767380832864, -73.99245336126558]",892a10725a3ffff,"[40.75767380832864, -73.99245336126558]",892a10725a3ffff
180,D180,Idle,2550,"[40.7093303390104, -74.02049098438877]",892a10728cfffff,"[40.7093303390104, -74.02049098438877]",892a10728cfffff
181,D181,Idle,2551,"[40.77117051589297, -73.9822784046378]",892a1008b37ffff,"[40.77117051589297, -73.9822784046378]",892a1008b37ffff
182,D182,Idle,2552,"[40.7612940530909, -73.95620358859543]",892a100d44fffff,"[40.7612940530909, -73.95620358859543]",892a100d44fffff
183,D183,Idle,2553,"[40.87581066130865, -73.92843958162588]",892a100a143ffff,"[40.87581066130865, -73.92843958162588]",892a100a143ffff
184,D184,Idle,2554,"[40.74757133915032, -73.97493510196136]",892a100d297ffff,"[40.74757133915032, -73.97493510196136]",892a100d297ffff
185,D185,Idle,2555,"[40.76611778742842, -73.9735169490824]",892a100d6c7ffff,"[40.76611778742842, -73.9735169490824]",892a100d6c7ffff
186,D186,Idle,2556,"[40.82528393098364, -73.9372380785016]",892a100abcbffff,"[40.82528393098364, -73.9372380785016]",892a100abcbffff
187,D187,Idle,2557,"[40.846775577806184, -73.92519187517203]",892a100ae37ffff,"[40.846775577806184, -73.92519187517203]",892a100ae37ffff
188,D188,Idle,2558,"[40.78558403594067, -73.93786485878466]",892a100f253ffff,"[40.78558403594067, -73.93786485878466]",892a100f253ffff
189,D189,Idle,2559,"[40.71565549593137, -73.98224682620025]",892a100d36fffff,"[40.71565549593137, -73.98224682620025]",892a100d36fffff
190,D190,Idle,2560,"[40.79512277626067, -73.97678906663747]",892a100880fffff,"[40.79512277626067, -73.97678906663747]",892a100880fffff
191,D191,Idle,2561,"[40.758365966029196, -73.9667934331769]",892a100d6abffff,"[40.758365966029196, -73.9667934331769]",892a100d6abffff
192,D192,Idle,2562,"[40.7554369941077, -73.97738204475199]",892a100d677ffff,"[40.7554369941077, -73.97738204475199]",892a100d677ffff
193,D193,Idle,2563,"[40.84913603882825, -73.93600451621927]",892a100ae77ffff,"[40.84913603882825, -73.93600451621927]",892a100ae77ffff
194,D194,Idle,2564,"[40.80345319173594, -73.96211573734033]",892a1008897ffff,"[40.80345319173594, -73.96211573734033]",892a1008897ffff
195,D195,Idle,2565,"[40.7882831770275, -73.9358260668239]",892a100f2cbffff,"[40.7882831770275, -73.9358260668239]",892a100f2cbffff
196,D196,Idle,2566,"[40.78736824871381, -73.9700608383572]",892a1008827ffff,"[40.78736824871381, -73.9700608383572]",892a1008827ffff
197,D197,Idle,2567,"[40.71014462774105, -73.9905850062871]",892a1072dcfffff,"[40.71014462774105, -73.9905850062871]",892a1072dcfffff
198,D198,Idle,2568,"[40.79535295216635, -73.96822898650066]",892a10088abffff,"[40.79535295216635, -73.96822898650066]",892a10088abffff
199,D199,Idle,2569,"[40.71823768970741, -73.98448658705743]",892a100d36bffff,"[40.71823768970741, -73.98448658705743]",892a100d36bffff
200,D200,Idle,2570,"[40.78702253857485, -73.98289876945287]",892a1008b9bffff,"[40.78702253857485, -73.98289876945287]",892a1008b9bffff
201,D201,Idle,2571,"[40.712842263747575, -73.98855243013952]",892a1072dc3ffff,"[40.712842263747575, -73.98855243013952]",892a1072dc3ffff
202,D202,Idle,2572,"[40.7985111283557, -73.94907025134482]",892a1008d0bffff,"[40.7985111283557, -73.94907025134482]",892a1008d0bffff
203,D203,Idle,2573,"[40.83574484906227, -73.9419256306854]",892a100aa17ffff,"[40.83574484906227, -73.9419256306854]",892a100aa17ffff
204,D204,Idle,2574,"[40.83867313609984, -73.93131696845367]",892a100a84bffff,"[40.83867313609984, -73.93131696845367]",892a100a84bffff
205,D205,Idle,2575,"[40.83833176591652, -73.94416883474422]",892a100aa13ffff,"[40.83833176591652, -73.94416883474422]",892a100aa13ffff
206,D206,Idle,2576,"[40.81132462524055, -73.96456342029782]",892a1008c77ffff,"[40.81132462524055, -73.96456342029782]",892a1008c77ffff
207,D207,Idle,2577,"[40.79098236885618, -73.93378704367494]",892a100f2dbffff,"[40.79098236885618, -73.93378704367494]",892a100f2dbffff
208,D208,Idle,2578,"[40.830457288488525, -73.9417232043568]",892a100aa33ffff,"[40.830457288488525, -73.9417232043568]",892a100aa33ffff
209,D209,Idle,2579,"[40.779614122216145, -73.96333486793449]",892a100890bffff,"[40.779614122216145, -73.96333486793449]",892a100890bffff
210,D210,Idle,2580,"[40.76399273653343, -73.9541668757923]",892a100d443ffff,"[40.76399273653343, -73.9541668757923]",892a100d443ffff
211,D211,Idle,2581,"[40.79793804844386, -73.97047175574073]",892a1008817ffff,"[40.79793804844386, -73.97047175574073]",892a1008817ffff
212,D212,Idle,2582,"[40.75204319635704, -74.00507400737747]",892a107252bffff,"[40.75204319635704, -74.00507400737747]",892a107252bffff
213,D213,Idle,2583,"[40.79581140361252, -73.95110874716067]",892a1008d73ffff,"[40.79581140361252, -73.95110874716067]",892a1008d73ffff
214,D214,Idle,2584,"[40.80931053466444, -73.94091395534198]",892a100ab6fffff,"[40.80931053466444, -73.94091395534198]",892a100ab6fffff
215,D215,Idle,2585,"[40.812124272879934, -73.93459276111345]",892a100ab77ffff,"[40.812124272879934, -73.93459276111345]",892a100ab77ffff
216,D216,Idle,2586,"[40.74946025719941, -74.00283146549287]",892a107252fffff,"[40.74946025719941, -74.00283146549287]",892a107252fffff
217,D217,Idle,2587,"[40.774902013622786, -73.94173956059069]",892a100f26bffff,"[40.774902013622786, -73.94173956059069]",892a100f26bffff
218,D218,Idle,2588,"[40.75038495319732, -73.96862408455311]",892a100d627ffff,"[40.75038495319732, -73.96862408455311]",892a100d627ffff
219,D219,Idle,2589,"[40.74475746659231, -73.98124539425626]",892a100d28fffff,"[40.74475746659231, -73.98124539425626]",892a100d28fffff
220,D220,Idle,2590,"[40.701703313506705, -74.00949605096544]",892a10728abffff,"[40.701703313506705, -74.00949605096544]",892a10728abffff
221,D221,Idle,2591,"[40.87063381502521, -73.92395163135316]",892a100a173ffff,"[40.87063381502521, -73.92395163135316]",892a100a173ffff
222,D222,Idle,2592,"[40.84126034452797, -73.9335597087806]",892a100aa97ffff,"[40.84126034452797, -73.9335597087806]",892a100aa97ffff
223,D223,Idle,2593,"[40.766347735254364, -73.96496216197335]",892a100d683ffff,"[40.766347735254364, -73.96496216197335]",892a100d683ffff
224,D224,Idle,2594,"[40.71777423510107, -74.00157868343452]",892a1072c3bffff,"[40.71777423510107, -74.00157868343452]",892a1072c3bffff
225,D225,Idle,2595,"[40.83281567270557, -73.95253305739871]",892a100aa73ffff,"[40.83281567270557, -73.95253305739871]",892a100aa73ffff
226,D226,Idle,2596,"[40.86781876542989, -73.93028129811428]",892a100a16bffff,"[40.86781876542989, -73.93028129811428]",892a100a16bffff
227,D227,Idle,2597,"[40.753198308589965, -73.96231234205968]",892a100d0dbffff,"[40.753198308589965, -73.96231234205968]",892a100d0dbffff
228,D228,Idle,2598,"[40.70158676007537, -74.01376760272268]",892a1072807ffff,"[40.70158676007537, -74.01376760272268]",892a1072807ffff
229,D229,Idle,2599,"[40.859827622674665, -73.932122389869]",892a100aec7ffff,"[40.859827622674665, -73.932122389869]",892a100aec7ffff
230,D230,Idle,2600,"[40.81459669973846, -73.94111619918161]",892a100ab7bffff,"[40.81459669973846, -73.94111619918161]",892a100ab7bffff
231,D231,Idle,2601,"[40.81201051296796, -73.93887430298544]",892a100ab63ffff,"[40.81201051296796, -73.93887430298544]",892a100ab63ffff
232,D232,Idle,2602,"[40.84080453737683, -73.95069647120248]",892a100aacfffff,"[40.84080453737683, -73.95069647120248]",892a100aacfffff
233,D233,Idle,2603,"[40.85735318757529, -73.92559318149429]",892a100ae8fffff,"[40.85735318757529, -73.92559318149429]",892a100ae8fffff
234,D234,Idle,2604,"[40.758020598541094, -73.97962342753863]",892a100d673ffff,"[40.758020598541094, -73.97962342753863]",892a100d673ffff
235,D235,Idle,2605,"[40.779728795481155, -73.95905625713573]",892a1008903ffff,"[40.779728795481155, -73.95905625713573]",892a1008903ffff
236,D236,Idle,2606,"[40.8355166402944, -73.95049303325445]",892a100aa0bffff,"[40.8355166402944, -73.95049303325445]",892a100aa0bffff
237,D237,Idle,2607,"[40.78196880060778, -73.974134284294]",892a100894bffff,"[40.78196880060778, -73.974134284294]",892a100894bffff
238,D238,Idle,2608,"[40.79896674131463, -73.93194893220341]",892a1008db3ffff,"[40.79896674131463, -73.93194893220341]",892a1008db3ffff
239,D239,Idle,2609,"[40.81120975591932, -73.96884491708379]",892a1008c63ffff,"[40.81120975591932, -73.96884491708379]",892a1008c63ffff
240,D240,Idle,2610,"[40.8148242255889, -73.93255263297931]",892a100ab0fffff,"[40.8148242255889, -73.93255263297931]",892a100ab0fffff
241,D241,Idle,2611,"[40.70991276239526, -73.99912960639843]",892a1072d5bffff,"[40.70991276239526, -73.99912960639843]",892a1072d5bffff
242,D242,Idle,2612,"[40.78432256123835, -73.98493487501118]",892a1008b8bffff,"[40.78432256123835, -73.98493487501118]",892a1008b8bffff
243,D243,Idle,2613,"[40.76927591178234, -73.95437041794993]",892a1008927ffff,"[40.76927591178234, -73.95437041794993]",892a1008927ffff
244,D244,Idle,2614,"[40.75026991926802, -73.97290003081406]",892a100d62fffff,"[40.75026991926802, -73.97290003081406]",892a100d62fffff
245,D245,Idle,2615,"[40.71754156113931, -74.01012468999328]",892a1072c63ffff,"[40.71754156113931, -74.01012468999328]",892a1072c63ffff
246,D246,Idle,2616,"[40.83057114881661, -73.93743997641748]",892a100aaafffff,"[40.83057114881661, -73.93743997641748]",892a100aaafffff
247,D247,Idle,2617,"[40.766347735254364, -73.96496216197335]",892a100d683ffff,"[40.766347735254364, -73.96496216197335]",892a100d683ffff
248,D248,Idle,2618,"[40.824598426495676, -73.96293445361829]",892a1008cc3ffff,"[40.824598426495676, -73.96293445361829]",892a1008cc3ffff
249,D249,Idle,2619,"[40.80368227776408, -73.95355416456833]",892a1008d53ffff,"[40.80368227776408, -73.95355416456833]",892a1008d53ffff
250,D250,Idle,2620,"[40.78242813923826, -73.95701890387849]",892a1008913ffff,"[40.78242813923826, -73.95701890387849]",892a1008913ffff
251,D251,Idle,2621,"[40.73889685083575, -74.0024136834934]",892a10721b7ffff,"[40.73889685083575, -74.0024136834934]",892a10721b7ffff
252,D252,Idle,2622,"[40.785127533859715, -73.95498131956944]",892a100898bffff,"[40.785127533859715, -73.95498131956944]",892a100898bffff
253,D253,Idle,2623,"[40.74780140065954, -73.9663836905892]",892a100d053ffff,"[40.74780140065954, -73.9663836905892]",892a100d053ffff
254,D254,Idle,2624,"[40.82729931835452, -73.96089536869542]",892a1008cd3ffff,"[40.82729931835452, -73.96089536869542]",892a1008cd3ffff
255,D255,Idle,2625,"[40.7815069297905, -73.99124955778431]",892a1008b1bffff,"[40.7815069297905, -73.99124955778431]",892a1008b1bffff
256,D256,Idle,2626,"[40.803910730085924, -73.9449925659597]",892a1008dc7ffff,"[40.803910730085924, -73.9449925659597]",892a1008dc7ffff
257,D257,Idle,2627,"[40.7554369941077, -73.97738204475199]",892a100d677ffff,"[40.7554369941077, -73.97738204475199]",892a100d677ffff
258,D258,Idle,2628,"[40.74745607139262, -73.97921079764829]",892a100d283ffff,"[40.74745607139262, -73.97921079764829]",892a100d283ffff
259,D259,Idle,2629,"[40.75990875055329, -74.0075262897737]",892a107250bffff,"[40.75990875055329, -74.0075262897737]",892a107250bffff
260,D260,Idle,2630,"[40.78432256123835, -73.98493487501118]",892a1008b8bffff,"[40.78432256123835, -73.98493487501118]",892a1008b8bffff
261,D261,Idle,2631,"[40.73338295814341, -74.01075375344374]",892a1072137ffff,"[40.73338295814341, -74.01075375344374]",892a1072137ffff
262,D262,Idle,2632,"[40.78816936506509, -73.94010543566645]",892a1008d27ffff,"[40.78816936506509, -73.94010543566645]",892a1008d27ffff
263,D263,Idle,2633,"[40.79345413374929, -73.94030749726369]",892a1008d33ffff,"[40.79345413374929, -73.94030749726369]",892a1008d33ffff
264,D264,Idle,2634,"[40.79064068641444, -73.94662586368284]",892a1008d2bffff,"[40.79064068641444, -73.94662586368284]",892a1008d2bffff
265,D265,Idle,2635,"[40.84361984653071, -73.94437157108808]",892a100aad7ffff,"[40.84361984653071, -73.94437157108808]",892a100aad7ffff
266,D266,Idle,2636,"[40.81166828229596, -73.95171889062547]",892a1008cafffff,"[40.81166828229596, -73.95171889062547]",892a1008cafffff
267,D267,Idle,2637,"[40.819769206993136, -73.94560074480687]",892a100ab4bffff,"[40.819769206993136, -73.94560074480687]",892a100ab4bffff
268,D268,Idle,2638,"[40.870520465535535, -73.92823850540523]",892a100a17bffff,"[40.870520465535535, -73.92823850540523]",892a100a17bffff
269,D269,Idle,2639,"[40.80592380561721, -73.9686395606129]",892a100889bffff,"[40.80592380561721, -73.9686395606129]",892a100889bffff
270,D270,Idle,2640,"[40.7854701478532, -73.94214398351879]",892a100f25bffff,"[40.7854701478532, -73.94214398351879]",892a100f25bffff
271,D271,Idle,2641,"[40.75497462014094, -73.99448766042539]",892a10725afffff,"[40.75497462014094, -73.99448766042539]",892a10725afffff
272,D272,Idle,2642,"[40.7818535702934, -73.97841311281009]",892a1008b87ffff,"[40.7818535702934, -73.97841311281009]",892a1008b87ffff
273,D273,Idle,2643,"[40.733963559055745, -73.98938147511579]",892a100d22bffff,"[40.733963559055745, -73.98938147511579]",892a100d22bffff
274,D274,Idle,2644,"[40.7666914709113, -73.95212993210816]",892a100d453ffff,"[40.7666914709113, -73.95212993210816]",892a100d453ffff
275,D275,Idle,2645,"[40.7205883522167, -73.99527313372238]",892a1072cabffff,"[40.7205883522167, -73.99527313372238]",892a1072cabffff
276,D276,Idle,2646,"[40.84137389953928, -73.9292755024408]",892a100a85bffff,"[40.84137389953928, -73.9292755024408]",892a100a85bffff
277,D277,Idle,2647,"[40.762724579697974, -74.00121540755255]",892a1072513ffff,"[40.762724579697974, -74.00121540755255]",892a1072513ffff
278,D278,Idle,2648,"[40.71519236996042, -73.99933797536255]",892a1072c23ffff,"[40.71519236996042, -73.99933797536255]",892a1072c23ffff
279,D279,Idle,2649,"[40.7439456383951, -74.01117336507996]",892a107218fffff,"[40.7439456383951, -74.01117336507996]",892a107218fffff
280,D280,Idle,2650,"[40.749923869351065, -73.98572782944615]",892a100d2d7ffff,"[40.749923869351065, -73.98572782944615]",892a100d2d7ffff
281,D281,Idle,2651,"[40.80155262266893, -73.93418981159863]",892a1008d87ffff,"[40.80155262266893, -73.93418981159863]",892a1008d87ffff
282,D282,Idle,2652,"[40.81402511121315, -73.9625250031948]",892a1008c0fffff,"[40.81402511121315, -73.9625250031948]",892a1008c0fffff
283,D283,Idle,2653,"[40.77375455256137, -73.98452081672437]",892a1008b33ffff,"[40.77375455256137, -73.98452081672437]",892a1008b33ffff
284,D284,Idle,2654,"[40.87299519316518, -73.93476970004677]",892a100a3b3ffff,"[40.87299519316518, -73.93476970004677]",892a100a3b3ffff
285,D285,Idle,2655,"[40.833044034009376, -73.94396614412331]",892a100aa07ffff,"[40.833044034009376, -73.94396614412331]",892a100aa07ffff
286,D286,Idle,2656,"[40.78466849919964, -73.97209767683445]",892a100895bffff,"[40.78466849919964, -73.97209767683445]",892a100895bffff
287,D287,Idle,2657,"[40.8601676356219, -73.91926466901356]",892a100ae97ffff,"[40.8601676356219, -73.91926466901356]",892a100ae97ffff
288,D288,Idle,2658,"[40.76916140919526, -73.95864807193213]",892a100892fffff,"[40.76916140919526, -73.95864807193213]",892a100892fffff
289,D289,Idle,2659,"[40.82281093244092, -73.93071337910968]",892a100abc7ffff,"[40.82281093244092, -73.93071337910968]",892a100abc7ffff
290,D290,Idle,2660,"[40.81718293108763, -73.94335834644366]",892a100ab4fffff,"[40.81718293108763, -73.94335834644366]",892a100ab4fffff
291,D291,Idle,2661,"[40.81706884808955, -73.94764035816301]",892a1008cb3ffff,"[40.81706884808955, -73.94764035816301]",892a1008cb3ffff
292,D292,Idle,2662,"[40.74464196506796, -73.98552083929478]",892a100d213ffff,"[40.74464196506796, -73.98552083929478]",892a100d213ffff
293,D293,Idle,2663,"[40.71777423510107, -74.00157868343452]",892a1072c3bffff,"[40.71777423510107, -74.00157868343452]",892a1072c3bffff
294,D294,Idle,2664,"[40.782884945617184, -73.93990341959135]",892a100f243ffff,"[40.782884945617184, -73.93990341959135]",892a100f243ffff
295,D295,Idle,2665,"[40.78960708947786, -73.98514197412598]",892a100886fffff,"[40.78960708947786, -73.98514197412598]",892a100886fffff
296,D296,Idle,2666,"[40.739244757451516, -73.9895888529844]",892a100d20fffff,"[40.739244757451516, -73.9895888529844]",892a100d20fffff
297,D297,Idle,2667,"[40.72552009875161, -74.00830230921224]",892a1072c57ffff,"[40.72552009875161, -74.00830230921224]",892a1072c57ffff
298,D298,Idle,2668,"[40.795582494619644, -73.95966887988108]",892a10088b7ffff,"[40.795582494619644, -73.95966887988108]",892a10088b7ffff
299,D299,Idle,2669,"[40.73712329476088, -73.97024887943591]",892a100d06bffff,"[40.73712329476088, -73.97024887943591]",892a100d06bffff
300,D300,Idle,2670,"[40.803910730085924, -73.9449925659597]",892a1008dc7ffff,"[40.803910730085924, -73.9449925659597]",892a1008dc7ffff
301,D301,Idle,2671,"[40.867932191415754, -73.92599466896426]",892a100a163ffff,"[40.867932191415754, -73.92599466896426]",892a100a163ffff
302,D302,Idle,2672,"[40.77363893634274, -73.9887989057447]",892a1008b3bffff,"[40.77363893634274, -73.9887989057447]",892a1008b3bffff
303,D303,Idle,2673,"[40.82729931835452, -73.96089536869542]",892a1008cd3ffff,"[40.82729931835452, -73.96089536869542]",892a1008cd3ffff
304,D304,Idle,2674,"[40.830457288488525, -73.9417232043568]",892a100aa33ffff,"[40.830457288488525, -73.9417232043568]",892a100aa33ffff
305,D305,Idle,2675,"[40.86534396170861, -73.92375108410893]",892a100a167ffff,"[40.86534396170861, -73.92375108410893]",892a100a167ffff
306,D306,Idle,2676,"[40.7265615396209, -73.96983854402754]",892a100d313ffff,"[40.7265615396209, -73.96983854402754]",892a100d313ffff
307,D307,Idle,2677,"[40.77128589159464, -73.97800054624952]",892a100d6dbffff,"[40.77128589159464, -73.97800054624952]",892a100d6dbffff
308,D308,Idle,2678,"[40.75285343434257, -73.97514091252218]",892a100d62bffff,"[40.75285343434257, -73.97514091252218]",892a100d62bffff
309,D309,Idle,2679,"[40.8148242255889, -73.93255263297931]",892a100ab0fffff,"[40.8148242255889, -73.93255263297931]",892a100ab0fffff
310,D310,Idle,2680,"[40.75285343434257, -73.97514091252218]",892a100d62bffff,"[40.75285343434257, -73.97514091252218]",892a100d62bffff
311,D311,Idle,2681,"[40.870520465535535, -73.92823850540523]",892a100a17bffff,"[40.870520465535535, -73.92823850540523]",892a100a17bffff
312,D312,Idle,2682,"[40.73184224228762, -73.97004368864602]",892a100d3d7ffff,"[40.73184224228762, -73.97004368864602]",892a100d3d7ffff
313,D313,Idle,2683,"[40.71542424846278, -73.99079241447993]",892a1072ddbffff,"[40.71542424846278, -73.99079241447993]",892a1072ddbffff
314,D314,Idle,2684,"[40.74182760043738, -73.99183015572552]",892a100d20bffff,"[40.74182760043738, -73.99183015572552]",892a100d20bffff
315,D315,Idle,2685,"[40.873108784045534, -73.9304825934673]",892a100a14fffff,"[40.873108784045534, -73.9304825934673]",892a100a14fffff
316,D316,Idle,2686,"[40.79311172964597, -73.95314701177097]",892a1008d63ffff,"[40.79311172964597, -73.95314701177097]",892a1008d63ffff
317,D317,Idle,2687,"[40.7612940530909, -73.95620358859543]",892a100d44fffff,"[40.7612940530909, -73.95620358859543]",892a100d44fffff
318,D318,Idle,2688,"[40.80413854869358, -73.93643094189662]",892a1008d83ffff,"[40.80413854869358, -73.93643094189662]",892a1008d83ffff
319,D319,Idle,2689,"[40.787826979323995, -73.95294350417443]",892a100899bffff,"[40.787826979323995, -73.95294350417443]",892a100899bffff
320,D320,Idle,2690,"[40.75003937734385, -73.9814519033082]",892a100d29bffff,"[40.75003937734385, -73.9814519033082]",892a100d29bffff
321,D321,Idle,2691,"[40.8492496821881, -73.93171958830678]",892a100ae3bffff,"[40.8492496821881, -73.93171958830678]",892a100ae3bffff
322,D322,Idle,2692,"[40.79862526917927, -73.94478993105159]",892a1008d03ffff,"[40.79862526917927, -73.94478993105159]",892a1008d03ffff
323,D323,Idle,2693,"[40.7577895631449, -73.98817672350651]",892a10725b7ffff,"[40.7577895631449, -73.98817672350651]",892a10725b7ffff
324,D324,Idle,2694,"[40.70979659314706, -74.00340189606727]",892a1072897ffff,"[40.70979659314706, -74.00340189606727]",892a1072897ffff
325,D325,Idle,2695,"[40.854311020634995, -73.94049178243748]",892a100ae47ffff,"[40.854311020634995, -73.94049178243748]",892a100ae47ffff
326,D326,Idle,2696,"[40.75026991926802, -73.97290003081406]",892a100d62fffff,"[40.75026991926802, -73.97290003081406]",892a100d62fffff
327,D327,Idle,2697,"[40.72575263492025, -73.99975485394748]",892a1072c13ffff,"[40.72575263492025, -73.99975485394748]",892a1072c13ffff
328,D328,Idle,2698,"[40.74780140065954, -73.9663836905892]",892a100d053ffff,"[40.74780140065954, -73.9663836905892]",892a100d053ffff
329,D329,Idle,2699,"[40.74194333566659, -73.98755496140967]",892a100d203ffff,"[40.74194333566659, -73.98755496140967]",892a100d203ffff
330,D330,Idle,2700,"[40.792767900423016, -73.9659864682128]",892a10088afffff,"[40.792767900423016, -73.9659864682128]",892a10088afffff
331,D331,Idle,2701,"[40.80098229926873, -73.95559263423436]",892a1008d43ffff,"[40.80098229926873, -73.95559263423436]",892a1008d43ffff
332,D332,Idle,2702,"[40.81448269904847, -73.9453979728219]",892a1008cb7ffff,"[40.81448269904847, -73.9453979728219]",892a1008cb7ffff
333,D333,Idle,2703,"[40.76002506197139, -74.00324943564168]",892a1072503ffff,"[40.76002506197139, -74.00324943564168]",892a1072503ffff
334,D334,Idle,2704,"[40.72610025540043, -73.98693361902893]",892a100d34bffff,"[40.72610025540043, -73.98693361902893]",892a100d34bffff
335,D335,Idle,2705,"[40.733963559055745, -73.98938147511579]",892a100d22bffff,"[40.733963559055745, -73.98938147511579]",892a100d22bffff
336,D336,Idle,2706,"[40.730917096395274, -74.00423757543585]",892a1072cc3ffff,"[40.730917096395274, -74.00423757543585]",892a1072cc3ffff
337,D337,Idle,2707,"[40.79908024857802, -73.92766858675711]",892a100f64fffff,"[40.79908024857802, -73.92766858675711]",892a100f64fffff
338,D338,Idle,2708,"[40.822583547076775, -73.93927839931776]",892a100ab53ffff,"[40.822583547076775, -73.93927839931776]",892a100ab53ffff
339,D339,Idle,2709,"[40.80166621211987, -73.92990922815342]",892a100f64bffff,"[40.80166621211987, -73.92990922815342]",892a100f64bffff
340,D340,Idle,2710,"[40.83011475573099, -73.95457284997781]",892a100aa63ffff,"[40.83011475573099, -73.95457284997781]",892a100aa63ffff
341,D341,Idle,2711,"[40.84620697912288, -73.94661529088907]",892a100aad3ffff,"[40.84620697912288, -73.94661529088907]",892a100aad3ffff
342,D342,Idle,2712,"[40.77070743129919, -73.99938977000828]",892a1008b6fffff,"[40.77070743129919, -73.99938977000828]",892a1008b6fffff
343,D343,Idle,2713,"[40.779038382247684, -73.98472782254923]",892a1008b17ffff,"[40.779038382247684, -73.98472782254923]",892a1008b17ffff
344,D344,Idle,2714,"[40.77197482397231, -73.95233325640773]",892a1008937ffff,"[40.77197482397231, -73.95233325640773]",892a1008937ffff
345,D345,Idle,2715,"[40.74745607139262, -73.97921079764829]",892a100d283ffff,"[40.74745607139262, -73.97921079764829]",892a100d283ffff
346,D346,Idle,2716,"[40.7601412152948, -73.99897257450851]",892a1072517ffff,"[40.7601412152948, -73.99897257450851]",892a1072517ffff
347,D347,Idle,2717,"[40.82729931835452, -73.96089536869542]",892a1008cd3ffff,"[40.82729931835452, -73.96089536869542]",892a1008cd3ffff
348,D348,Idle,2718,"[40.819769206993136, -73.94560074480687]",892a100ab4bffff,"[40.819769206993136, -73.94560074480687]",892a100ab4bffff
349,D349,Idle,2719,"[40.846434894849075, -73.93804594344662]",892a100ae67ffff,"[40.846434894849075, -73.93804594344662]",892a100ae67ffff
350,D350,Idle,2720,"[40.744526305564406, -73.98979627753427]",892a100d21bffff,"[40.744526305564406, -73.98979627753427]",892a100d21bffff
351,D351,Idle,2721,"[40.77105498201156, -73.98655625625548]",892a1008b23ffff,"[40.77105498201156, -73.98655625625548]",892a1008b23ffff
352,D352,Idle,2722,"[40.76927591178234, -73.95437041794993]",892a1008927ffff,"[40.76927591178234, -73.95437041794993]",892a1008927ffff
353,D353,Idle,2723,"[40.86252909521886, -73.93008004818786]",892a100aed7ffff,"[40.86252909521886, -73.93008004818786]",892a100aed7ffff
354,D354,Idle,2724,"[40.80322347200953, -73.97067728389345]",892a100888bffff,"[40.80322347200953, -73.97067728389345]",892a100888bffff
355,D355,Idle,2725,"[40.796267321185, -73.93398840494557]",892a1008da3ffff,"[40.796267321185, -73.93398840494557]",892a1008da3ffff
356,D356,Idle,2726,"[40.86500345432315, -73.9366102368561]",892a100aedbffff,"[40.86500345432315, -73.9366102368561]",892a100aedbffff
357,D357,Idle,2727,"[40.71754156113931, -74.01012468999328]",892a1072c63ffff,"[40.71754156113931, -74.01012468999328]",892a1072c63ffff
358,D358,Idle,2728,"[40.797822957309734, -73.97475203687154]",892a1008803ffff,"[40.797822957309734, -73.97475203687154]",892a1008803ffff
359,D359,Idle,2729,"[40.85419705365689, -73.94477718100653]",892a100ae4fffff,"[40.85419705365689, -73.94477718100653]",892a100ae4fffff
360,D360,Idle,2730,"[40.7153083880903, -73.99506519836963]",892a1072c37ffff,"[40.7153083880903, -73.99506519836963]",892a1072c37ffff
361,D361,Idle,2731,"[40.87626312910565, -73.91129011388868]",892a100a18fffff,"[40.87626312910565, -73.91129011388868]",892a100a18fffff
362,D362,Idle,2732,"[40.73338295814341, -74.01075375344374]",892a1072137ffff,"[40.73338295814341, -74.01075375344374]",892a1072137ffff
363,D363,Idle,2733,"[40.76611778742842, -73.9735169490824]",892a100d6c7ffff,"[40.76611778742842, -73.9735169490824]",892a100d6c7ffff
364,D364,Idle,2734,"[40.772203202614044, -73.94377744112391]",892a100d4d3ffff,"[40.772203202614044, -73.94377744112391]",892a100d4d3ffff
365,D365,Idle,2735,"[40.84080453737683, -73.95069647120248]",892a100aacfffff,"[40.84080453737683, -73.95069647120248]",892a100aacfffff
366,D366,Idle,2736,"[40.873108784045534, -73.9304825934673]",892a100a14fffff,"[40.873108784045534, -73.9304825934673]",892a100a14fffff
367,D367,Idle,2737,"[40.74745607139262, -73.97921079764829]",892a100d283ffff,"[40.74745607139262, -73.97921079764829]",892a100d283ffff
368,D368,Idle,2738,"[40.793567951752514, -73.936027646414]",892a1008dafffff,"[40.793567951752514, -73.936027646414]",892a1008dafffff
369,D369,Idle,2739,"[40.710491242867505, -73.97776805489825]",892a1072d83ffff,"[40.710491242867505, -73.97776805489825]",892a1072d83ffff
370,D370,Idle,2740,"[40.73700819773943, -73.97452361980324]",892a100d2a7ffff,"[40.73700819773943, -73.97452361980324]",892a100d2a7ffff
371,D371,Idle,2741,"[40.752738160175525, -73.97941708936834]",892a100d667ffff,"[40.752738160175525, -73.97941708936834]",892a100d667ffff
372,D372,Idle,2742,"[40.80850924463485, -73.97088285837434]",892a1008c6fffff,"[40.80850924463485, -73.97088285837434]",892a1008c6fffff
373,D373,Idle,2743,"[40.71800627795991, -73.99303264899584]",892a1072cafffff,"[40.71800627795991, -73.99303264899584]",892a1072cafffff
374,D374,Idle,2744,"[40.7312652101949, -73.99141491910795]",892a1072c93ffff,"[40.7312652101949, -73.99141491910795]",892a1072c93ffff
375,D375,Idle,2745,"[40.77387001058081, -73.9802427209077]",892a1008bafffff,"[40.77387001058081, -73.9802427209077]",892a1008bafffff
376,D376,Idle,2746,"[40.71014462774105, -73.9905850062871]",892a1072dcfffff,"[40.71014462774105, -73.9905850062871]",892a1072dcfffff
377,D377,Idle,2747,"[40.85994111917727, -73.92783648908794]",892a100ae8bffff,"[40.85994111917727, -73.92783648908794]",892a100ae8bffff
378,D378,Idle,2748,"[40.801438874807, -73.93847038880153]",892a1008d8fffff,"[40.801438874807, -73.93847038880153]",892a1008d8fffff
379,D379,Idle,2749,"[40.82809798485643, -73.93091453018671]",892a100abd3ffff,"[40.82809798485643, -73.93091453018671]",892a100abd3ffff
380,D380,Idle,2750,"[40.79041210647762, -73.95518504520979]",892a1008d6fffff,"[40.79041210647762, -73.95518504520979]",892a1008d6fffff
381,D381,Idle,2751,"[40.83068485051415, -73.93315674219177]",892a100aaa7ffff,"[40.83068485051415, -73.93315674219177]",892a100aaa7ffff
382,D382,Idle,2752,"[40.778806978579155, -73.99328495712778]",892a1008b0bffff,"[40.778806978579155, -73.99328495712778]",892a1008b0bffff
383,D383,Idle,2753,"[40.800638204347685, -73.96843425042374]",892a100888fffff,"[40.800638204347685, -73.96843425042374]",892a100888fffff
384,D384,Idle,2754,"[40.860280655562, -73.91497874981607]",892a100ac5bffff,"[40.860280655562, -73.91497874981607]",892a100ac5bffff
385,D385,Idle,2755,"[40.72856691258621, -73.9934481326791]",892a1072c83ffff,"[40.72856691258621, -73.9934481326791]",892a1072c83ffff
386,D386,Idle,2756,"[40.870860037200565, -73.9153778648588]",892a100a107ffff,"[40.870860037200565, -73.9153778648588]",892a100a107ffff
387,D387,Idle,2757,"[40.728798350419844, -73.98490014831133]",892a100d35bffff,"[40.728798350419844, -73.98490014831133]",892a100d35bffff
388,D388,Idle,2758,"[40.803910730085924, -73.9449925659597]",892a1008dc7ffff,"[40.803910730085924, -73.9449925659597]",892a1008dc7ffff
389,D389,Idle,2759,"[40.81425422214392, -73.95396150094159]",892a1008cabffff,"[40.81425422214392, -73.95396150094159]",892a1008cabffff
390,D390,Idle,2760,"[40.79512277626067, -73.97678906663747]",892a100880fffff,"[40.79512277626067, -73.97678906663747]",892a100880fffff
391,D391,Idle,2761,"[40.749692379309245, -73.99427966126574]",892a100d2cbffff,"[40.749692379309245, -73.99427966126574]",892a100d2cbffff
392,D392,Idle,2762,"[40.71777423510107, -74.00157868343452]",892a1072c3bffff,"[40.71777423510107, -74.00157868343452]",892a1072c3bffff
393,D393,Idle,2763,"[40.772089092387084, -73.9480553519604]",892a100d4dbffff,"[40.772089092387084, -73.9480553519604]",892a100d4dbffff
394,D394,Idle,2764,"[40.77117051589297, -73.9822784046378]",892a1008b37ffff,"[40.77117051589297, -73.9822784046378]",892a1008b37ffff
395,D395,Idle,2765,"[40.78960708947786, -73.98514197412598]",892a100886fffff,"[40.78960708947786, -73.98514197412598]",892a100886fffff
396,D396,Idle,2766,"[40.79064068641444, -73.94662586368284]",892a1008d2bffff,"[40.79064068641444, -73.94662586368284]",892a1008d2bffff
397,D397,Idle,2767,"[40.76284065727975, -73.99693830224494]",892a107258fffff,"[40.76284065727975, -73.99693830224494]",892a107258fffff
398,D398,Idle,2768,"[40.814139745931314, -73.95824325532541]",892a1008c07ffff,"[40.814139745931314, -73.95824325532541]",892a1008c07ffff
399,D399,Idle,2769,"[40.8492496821881, -73.93171958830678]",892a100ae3bffff,"[40.8492496821881, -73.93171958830678]",892a100ae3bffff
400,D400,Idle,2770,"[40.81684020651023, -73.95620436236364]",892a1008c17ffff,"[40.81684020651023, -73.95620436236364]",892a1008c17ffff
401,D401,Idle,2771,"[40.73619809683179, -74.00444661282785]",892a10721a7ffff,"[40.73619809683179, -74.00444661282785]",892a10721a7ffff
402,D402,Idle,2772,"[40.84913603882825, -73.93600451621927]",892a100ae77ffff,"[40.84913603882825, -73.93600451621927]",892a100ae77ffff
403,D403,Idle,2773,"[40.752968550468026, -73.97086472899028]",892a100d623ffff,"[40.752968550468026, -73.97086472899028]",892a100d623ffff
404,D404,Idle,2774,"[40.73161190309276, -73.97859220103275]",892a100d3cbffff,"[40.73161190309276, -73.97859220103275]",892a100d3cbffff
405,D405,Idle,2775,"[40.776684780193754, -73.97392845953703]",892a1008bb7ffff,"[40.776684780193754, -73.97392845953703]",892a1008bb7ffff
406,D406,Idle,2776,"[40.779957667274374, -73.95049901604402]",892a10089bbffff,"[40.779957667274374, -73.95049901604402]",892a10089bbffff
407,D407,Idle,2777,"[40.72575263492025, -73.99975485394748]",892a1072c13ffff,"[40.72575263492025, -73.99975485394748]",892a1072c13ffff
408,D408,Idle,2778,"[40.78007186580061, -73.94622038584649]",892a10089b3ffff,"[40.78007186580061, -73.94622038584649]",892a10089b3ffff
409,D409,Idle,2779,"[40.76680573317108, -73.94785250922335]",892a100d4cfffff,"[40.76680573317108, -73.94785250922335]",892a100d4cfffff
410,D410,Idle,2780,"[40.77117051589297, -73.9822784046378]",892a1008b37ffff,"[40.77117051589297, -73.9822784046378]",892a1008b37ffff
411,D411,Idle,2781,"[40.82775665086502, -73.94376349920987]",892a100aa23ffff,"[40.82775665086502, -73.94376349920987]",892a100aa23ffff
412,D412,Idle,2782,"[40.79052647560961, -73.95090545765932]",892a1008d67ffff,"[40.79052647560961, -73.95090545765932]",892a1008d67ffff
413,D413,Idle,2783,"[40.82528393098364, -73.9372380785016]",892a100abcbffff,"[40.82528393098364, -73.9372380785016]",892a100abcbffff
414,D414,Idle,2784,"[40.749923869351065, -73.98572782944615]",892a100d2d7ffff,"[40.749923869351065, -73.98572782944615]",892a100d2d7ffff
415,D415,Idle,2785,"[40.77714409363367, -73.9568150061859]",892a1008907ffff,"[40.77714409363367, -73.9568150061859]",892a1008907ffff
416,D416,Idle,2786,"[40.77656955627687, -73.97820680629647]",892a1008ba3ffff,"[40.77656955627687, -73.97820680629647]",892a1008ba3ffff
417,D417,Idle,2787,"[40.76657705050459, -73.9564073485599]",892a100d45bffff,"[40.76657705050459, -73.9564073485599]",892a100d45bffff
418,D418,Idle,2788,"[40.833044034009376, -73.94396614412331]",892a100aa07ffff,"[40.833044034009376, -73.94396614412331]",892a100aa07ffff
419,D419,Idle,2789,"[40.868271515886654, -73.91313474469668]",892a100a133ffff,"[40.868271515886654, -73.91313474469668]",892a100a133ffff
420,D420,Idle,2790,"[40.74429451262382, -73.99834713342568]",892a100d243ffff,"[40.74429451262382, -73.99834713342568]",892a100d243ffff
421,D421,Idle,2791,"[40.728218571906936, -74.00627005749193]",892a1072ccfffff,"[40.728218571906936, -74.00627005749193]",892a1072ccfffff
422,D422,Idle,2792,"[40.78254257823407, -73.95274004242538]",892a100898fffff,"[40.78254257823407, -73.95274004242538]",892a100898fffff
423,D423,Idle,2793,"[40.758365966029196, -73.9667934331769]",892a100d6abffff,"[40.758365966029196, -73.9667934331769]",892a100d6abffff
424,D424,Idle,2794,"[40.76140846730409, -73.95192665359419]",892a100d447ffff,"[40.76140846730409, -73.95192665359419]",892a100d447ffff
425,D425,Idle,2795,"[40.790868633038706, -73.9380666566429]",892a1008d37ffff,"[40.790868633038706, -73.9380666566429]",892a1008d37ffff
426,D426,Idle,2796,"[40.82517007670618, -73.94152082367361]",892a100aa27ffff,"[40.82517007670618, -73.94152082367361]",892a100aa27ffff
427,D427,Idle,2797,"[40.74664477312715, -74.00914047636303]",892a1072183ffff,"[40.74664477312715, -74.00914047636303]",892a1072183ffff
428,D428,Idle,2798,"[40.796153579346, -73.93826849997674]",892a1008dabffff,"[40.796153579346, -73.93826849997674]",892a1008dabffff
429,D429,Idle,2799,"[40.7854701478532, -73.94214398351879]",892a100f25bffff,"[40.7854701478532, -73.94214398351879]",892a100f25bffff
430,D430,Idle,2800,"[40.77105498201156, -73.98655625625548]",892a1008b23ffff,"[40.77105498201156, -73.98655625625548]",892a1008b23ffff
431,D431,Idle,2801,"[40.728218571906936, -74.00627005749193]",892a1072ccfffff,"[40.728218571906936, -74.00627005749193]",892a1072ccfffff
432,D432,Idle,2802,"[40.70744704307862, -73.99261735221778]",892a1072d57ffff,"[40.70744704307862, -73.99261735221778]",892a1072d57ffff
433,D433,Idle,2803,"[40.838217658475905, -73.9484527775108]",892a100aa1bffff,"[40.838217658475905, -73.9484527775108]",892a100aa1bffff
434,D434,Idle,2804,"[40.76858652379911, -73.9800362432926]",892a100d6cbffff,"[40.76858652379911, -73.9800362432926]",892a100d6cbffff
435,D435,Idle,2805,"[40.789953046698194, -73.97230333019724]",892a1008823ffff,"[40.789953046698194, -73.97230333019724]",892a1008823ffff
436,D436,Idle,2806,"[40.857466442848526, -73.92130751315497]",892a100ae87ffff,"[40.857466442848526, -73.92130751315497]",892a100ae87ffff
437,D437,Idle,2807,"[40.827984365469966, -73.93519752613769]",892a100abdbffff,"[40.827984365469966, -73.93519752613769]",892a100abdbffff
438,D438,Idle,2808,"[40.73161190309276, -73.97859220103275]",892a100d3cbffff,"[40.73161190309276, -73.97859220103275]",892a100d3cbffff
439,D439,Idle,2809,"[40.87839915100985, -73.9306839342623]",892a100a15bffff,"[40.87839915100985, -73.9306839342623]",892a100a15bffff
440,D440,Idle,2810,"[40.80402471860452, -73.94071175708606]",892a1008d8bffff,"[40.80402471860452, -73.94071175708606]",892a1008d8bffff
441,D441,Idle,2811,"[40.74475746659231, -73.98124539425626]",892a100d28fffff,"[40.74475746659231, -73.98124539425626]",892a100d28fffff
442,D442,Idle,2812,"[40.779957667274374, -73.95049901604402]",892a10089bbffff,"[40.779957667274374, -73.95049901604402]",892a10089bbffff
443,D443,Idle,2813,"[40.73712329476088, -73.97024887943591]",892a100d06bffff,"[40.73712329476088, -73.97024887943591]",892a100d06bffff
444,D444,Idle,2814,"[40.774673787052976, -73.95029586389917]",892a10089afffff,"[40.774673787052976, -73.95029586389917]",892a10089afffff
445,D445,Idle,2815,"[40.76657705050459, -73.9564073485599]",892a100d45bffff,"[40.76657705050459, -73.9564073485599]",892a100d45bffff
446,D446,Idle,2816,"[40.72610025540043, -73.98693361902893]",892a100d34bffff,"[40.72610025540043, -73.98693361902893]",892a100d34bffff
447,D447,Idle,2817,"[40.76916140919526, -73.95864807193213]",892a100892fffff,"[40.76916140919526, -73.95864807193213]",892a100892fffff
448,D448,Idle,2818,"[40.870860037200565, -73.9153778648588]",892a100a107ffff,"[40.870860037200565, -73.9153778648588]",892a100a107ffff
449,D449,Idle,2819,"[40.73619809683179, -74.00444661282785]",892a10721a7ffff,"[40.73619809683179, -74.00444661282785]",892a10721a7ffff
450,D450,Idle,2820,"[40.78759793062824, -73.96150218435267]",892a10089c3ffff,"[40.78759793062824, -73.96150218435267]",892a10089c3ffff
451,D451,Idle,2821,"[40.81425422214392, -73.95396150094159]",892a1008cabffff,"[40.81425422214392, -73.95396150094159]",892a1008cabffff
452,D452,Idle,2822,"[40.72105087315233, -73.97818003525299]",892a100d373ffff,"[40.72105087315233, -73.97818003525299]",892a100d373ffff
453,D453,Idle,2823,"[40.8628688787338, -73.91722159291291]",892a100a12fffff,"[40.8628688787338, -73.91722159291291]",892a100a12fffff
454,D454,Idle,2824,"[40.699005656533316, -74.01152697575844]",892a1072833ffff,"[40.699005656533316, -74.01152697575844]",892a1072833ffff
455,D455,Idle,2825,"[40.79873925161428, -73.94050960439843]",892a1008d17ffff,"[40.79873925161428, -73.94050960439843]",892a1008d17ffff
456,D456,Idle,2826,"[40.77340722931204, -73.99735506320563]",892a1008b63ffff,"[40.77340722931204, -73.99735506320563]",892a1008b63ffff
457,D457,Idle,2827,"[40.85723977346838, -73.92987884367265]",892a100ae13ffff,"[40.85723977346838, -73.92987884367265]",892a100ae13ffff
458,D458,Idle,2828,"[40.79368161140518, -73.93174778930359]",892a1008da7ffff,"[40.79368161140518, -73.93174778930359]",892a1008da7ffff
459,D459,Idle,2829,"[40.729259331763544, -73.96780409850547]",892a100d38bffff,"[40.729259331763544, -73.96780409850547]",892a100d38bffff
460,D460,Idle,2830,"[40.87615025061996, -73.91557748995153]",892a100a113ffff,"[40.87615025061996, -73.91557748995153]",892a100a113ffff
461,D461,Idle,2831,"[40.856898578155366, -73.9427357927625]",892a100ae43ffff,"[40.856898578155366, -73.9427357927625]",892a100ae43ffff
462,D462,Idle,2832,"[40.83585871544233, -73.93764191987003]",892a100aabbffff,"[40.83585871544233, -73.93764191987003]",892a100aabbffff
463,D463,Idle,2833,"[40.80402471860452, -73.94071175708606]",892a1008d8bffff,"[40.80402471860452, -73.94071175708606]",892a1008d8bffff
464,D464,Idle,2834,"[40.782656858963165, -73.94846117452803]",892a1008987ffff,"[40.782656858963165, -73.94846117452803]",892a1008987ffff
465,D465,Idle,2835,"[40.862301778510115, -73.93865232072162]",892a100aecbffff,"[40.862301778510115, -73.93865232072162]",892a100aecbffff
466,D466,Idle,2836,"[40.73866412341448, -74.01096353565099]",892a10721abffff,"[40.73866412341448, -74.01096353565099]",892a10721abffff
467,D467,Idle,2837,"[40.8220123087085, -73.96069083866666]",892a1008cc7ffff,"[40.8220123087085, -73.96069083866666]",892a1008cc7ffff
468,D468,Idle,2838,"[40.80683827325244, -73.93439126364949]",892a1008d93ffff,"[40.80683827325244, -73.93439126364949]",892a1008d93ffff
469,D469,Idle,2839,"[40.76318794132351, -73.984106944923]",892a100d643ffff,"[40.76318794132351, -73.984106944923]",892a100d643ffff
470,D470,Idle,2840,"[40.76353380229302, -73.97127552650305]",892a100d613ffff,"[40.76353380229302, -73.97127552650305]",892a100d613ffff
471,D471,Idle,2841,"[40.769390256202996, -73.95009275750891]",892a100d4cbffff,"[40.769390256202996, -73.95009275750891]",892a100d4cbffff
472,D472,Idle,2842,"[40.738780566092146, -74.00668861308876]",892a10721a3ffff,"[40.738780566092146, -74.00668861308876]",892a10721a3ffff
473,D473,Idle,2843,"[40.77197482397231, -73.95233325640773]",892a1008937ffff,"[40.77197482397231, -73.95233325640773]",892a1008937ffff
474,D474,Idle,2844,"[40.80942437079851, -73.93663265781983]",892a100ab67ffff,"[40.80942437079851, -73.93663265781983]",892a100ab67ffff
475,D475,Idle,2845,"[40.730684231153056, -74.01278597804965]",892a1072127ffff,"[40.730684231153056, -74.01278597804965]",892a1072127ffff
476,D476,Idle,2846,"[40.7558968390977, -73.96027632169499]",892a100d6a7ffff,"[40.7558968390977, -73.96027632169499]",892a100d6a7ffff
477,D477,Idle,2847,"[40.727985555513925, -74.01481797231988]",892a1072c5bffff,"[40.727985555513925, -74.01481797231988]",892a1072c5bffff
478,D478,Idle,2848,"[40.76307233809356, -73.98838407088253]",892a100d64bffff,"[40.76307233809356, -73.98838407088253]",892a100d64bffff
479,D479,Idle,2849,"[40.816610930826734, -73.96476834059466]",892a1008c0bffff,"[40.816610930826734, -73.96476834059466]",892a1008c0bffff
480,D480,Idle,2850,"[40.779499290706894, -73.96761347217155]",892a1008947ffff,"[40.779499290706894, -73.96761347217155]",892a1008947ffff
481,D481,Idle,2851,"[40.74464196506796, -73.98552083929478]",892a100d213ffff,"[40.74464196506796, -73.98552083929478]",892a100d213ffff
482,D482,Idle,2852,"[40.84620697912288, -73.94661529088907]",892a100aad3ffff,"[40.84620697912288, -73.94661529088907]",892a100aad3ffff
483,D483,Idle,2853,"[40.75215941875204, -74.00079787164594]",892a1072523ffff,"[40.75215941875204, -74.00079787164594]",892a1072523ffff
484,D484,Idle,2854,"[40.723863798654385, -73.97187275909451]",892a100d303ffff,"[40.723863798654385, -73.97187275909451]",892a100d303ffff
485,D485,Idle,2855,"[40.80862419003473, -73.96660160609242]",892a1008c67ffff,"[40.80862419003473, -73.96660160609242]",892a1008c67ffff
486,D486,Idle,2856,"[40.774444927653924, -73.95885214154829]",892a100893bffff,"[40.774444927653924, -73.95885214154829]",892a100893bffff
487,D487,Idle,2857,"[40.816610930826734, -73.96476834059466]",892a1008c0bffff,"[40.816610930826734, -73.96476834059466]",892a1008c0bffff
488,D488,Idle,2858,"[40.73442519762033, -73.97228352906686]",892a100d3d3ffff,"[40.73442519762033, -73.97228352906686]",892a100d3d3ffff
489,D489,Idle,2859,"[40.74205891293703, -73.98327976027291]",892a100d217ffff,"[40.74205891293703, -73.98327976027291]",892a100d217ffff
490,D490,Idle,2860,"[40.74240469698552, -73.97045411641287]",892a100d04fffff,"[40.74240469698552, -73.97045411641287]",892a100d04fffff
491,D491,Idle,2861,"[40.80098229926873, -73.95559263423436]",892a1008d43ffff,"[40.80098229926873, -73.95559263423436]",892a1008d43ffff
492,D492,Idle,2862,"[40.77679984588889, -73.96965010609854]",892a100897bffff,"[40.77679984588889, -73.96965010609854]",892a100897bffff
493,D493,Idle,2863,"[40.83833176591652, -73.94416883474422]",892a100aa13ffff,"[40.83833176591652, -73.94416883474422]",892a100aa13ffff
494,D494,Idle,2864,"[40.753198308589965, -73.96231234205968]",892a100d0dbffff,"[40.753198308589965, -73.96231234205968]",892a100d0dbffff
495,D495,Idle,2865,"[40.78478349529045, -73.9678185973902]",892a1008953ffff,"[40.78478349529045, -73.9678185973902]",892a1008953ffff
496,D496,Idle,2866,"[40.74487281013641, -73.97696994246623]",892a100d287ffff,"[40.74487281013641, -73.97696994246623]",892a100d287ffff
497,D497,Idle,2867,"[40.78960708947786, -73.98514197412598]",892a100886fffff,"[40.78960708947786, -73.98514197412598]",892a100886fffff
498,D498,Idle,2868,"[40.76542414857819, -73.99918114877002]",892a107258bffff,"[40.76542414857819, -73.99918114877002]",892a107258bffff
499,D499,Idle,2869,"[40.74406208777897, -74.0068979615497]",892a1072187ffff,"[40.74406208777897, -74.0068979615497]",892a1072187ffff
500,D500,Idle,2870,"[40.81672564793101, -73.96048635474924]",892a1008c03ffff,"[40.81672564793101, -73.96048635474924]",892a1008c03ffff
501,D501,Idle,2871,"[40.7793843009544, -73.97189206979928]",892a100894fffff,"[40.7793843009544, -73.97189206979928]",892a100894fffff
502,D502,Idle,2872,"[40.7312652101949, -73.99141491910795]",892a1072c93ffff,"[40.7312652101949, -73.99141491910795]",892a1072c93ffff
503,D503,Idle,2873,"[40.86241551630038, -73.934366187585]",892a100aec3ffff,"[40.86241551630038, -73.934366187585]",892a100aec3ffff
504,D504,Idle,2874,"[40.74194333566659, -73.98755496140967]",892a100d203ffff,"[40.74194333566659, -73.98755496140967]",892a100d203ffff
505,D505,Idle,2875,"[40.752507137720634, -73.98796942281288]",892a100d2d3ffff,"[40.752507137720634, -73.98796942281288]",892a100d2d3ffff
506,D506,Idle,2876,"[40.75825100161537, -73.97107010462192]",892a100d607ffff,"[40.75825100161537, -73.97107010462192]",892a100d607ffff
507,D507,Idle,2877,"[40.87615025061996, -73.91557748995153]",892a100a113ffff,"[40.87615025061996, -73.91557748995153]",892a100a113ffff
508,D508,Idle,2878,"[40.79052647560961, -73.95090545765932]",892a1008d67ffff,"[40.79052647560961, -73.95090545765932]",892a1008d67ffff
509,D509,Idle,2879,"[40.801096680764914, -73.95131208247851]",892a1008d57ffff,"[40.801096680764914, -73.95131208247851]",892a1008d57ffff
